keyword_group,supplied_full_group_volume,capped_detail_volume,supplied_main_phrase,main_phrase_volume,intent,primary_domain,current_or_proposed_url,route_status,distinct_secondary_domain_opportunity,priority,data_limitations
san bernardo,42270,42270,san bernardo,40500,reference/local/commercial; validate mixed meanings,Mascota,https://mascota.com.py/mascotas/perros/razas/san-bernardo/,existing local route; deployment unverified,"Perro: /elegir-perro, adoption suitability and actual notices only; no breed inventory promise",P2 coordination,Validar intención de «san bernardo» (40.500) antes de dar prioridad por ese volumen ambiguo. Excluir boyero de Berna y pet shops; no usar 42.270 como demanda limpia de la raza.
perros,21730,19630,perros,12100,reference/local/commercial; validate mixed meanings,Perro (adoption/discovery) + Mascota (reference),https://mascota.com.py/mascotas/perros/,existing local route; deployment unverified,Mascota: /mascotas/perros/ care and breed reference; Perro: /perros inventory and adoption workflow,P1 implemented,"El título y H1 ya contienen «perros». La mejora principal es cobertura e interconexión, no arreglar un término ausente."
veterinario cerca de mi,16800,16800,veterinario cerca de mi,14800,reference/local/commercial; validate mixed meanings,Mascota,https://mascota.com.py/veterinarias/,existing local route; deployment unverified,Perro: /primeros-dias-perro-adoptado consult/history checklist; no duplicate clinic directory,P1 Mascota launch then commercial pilot,"Reservar para la fase de monetización y establecimientos reales contratados. No publicar ahora una página vacía ni afirmar cobertura, cercanía, atención 24 horas o geolocalización que no existen."
pastor australiano,16680,16180,pastor australiano,5400,reference/local/commercial; validate mixed meanings,Mascota,https://mascota.com.py/mascotas/perros/razas/pastor-australiano/,existing local route; deployment unverified,"Perro: /elegir-perro, adoption suitability and actual notices only; no breed inventory promise",P2 coordination,"Excluir pastor siberiano, tibetano, inglés y otras razas. El ganadero australiano no es una variante del pastor australiano."
labrador,14020,10530,labrador,4400,reference/local/commercial; validate mixed meanings,Mascota,https://mascota.com.py/mascotas/perros/razas/labrador/,existing local route; deployment unverified,Perro: /elegir-perro individual adoption questions + /perros-de-raza-en-adopcion real inventory. Rows adoptar labrador 10 and adopcion de labrador cachorro 10; not entire group adoption demand,P2 coordination,
razas de perros,13490,11530,razas de perros,6600,reference/local/commercial; validate mixed meanings,Mascota,https://mascota.com.py/mascotas/perros/razas/,existing local route; deployment unverified,"Perro: /elegir-perro, adoption suitability and actual notices only; no breed inventory promise",P2 coordination,"«razas de perros pequeños» es una sección específica de este hub, con ancla estable #razas-pequenas; no crear un segundo catálogo casi idéntico."
cachorros husky,12630,11890,cachorros husky,4400,reference/local/commercial; validate mixed meanings,Mascota,https://mascota.com.py/mascotas/perros/razas/husky-siberiano/#cachorros,existing local route; deployment unverified,"Perro: /elegir-perro, adoption suitability and actual notices only; no breed inventory promise",P2 coordination,"Una página para husky siberiano, cachorros husky y la parte canina de raza siberiano. Usar secciones, sin páginas separadas de variantes; excluir gato siberiano."
den retriever,12460,9360,den retriever,6600,reference/local/commercial; validate mixed meanings,Mascota,https://mascota.com.py/mascotas/perros/razas/golden-retriever/,existing local route; deployment unverified,"Perro: /elegir-perro, adoption suitability and actual notices only; no breed inventory promise",P2 coordination,"Usar «golden retriever» de la misma fila, no escribir la errata «den retriever» para forzar coincidencia."
pastor alemán,11600,9460,pastor alemán,6600,reference/local/commercial; validate mixed meanings,Mascota,https://mascota.com.py/mascotas/perros/razas/pastor-aleman/,existing local route; deployment unverified,"Perro: /elegir-perro, adoption suitability and actual notices only; no breed inventory promise",P2 coordination,"Tres grupos del export se asignan a una sola página: pastor alemán, pastor alem y ovejero aleman. No sumar sus volúmenes como demanda independiente."
raza american bully,10990,10160,raza american bully,2900,reference/local/commercial; validate mixed meanings,Mascota,https://mascota.com.py/mascotas/perros/razas/american-bully/,existing local route; deployment unverified,"Perro: /elegir-perro, adoption suitability and actual notices only; no breed inventory promise",P2 coordination,Grupo muy contaminado: la fila de 2.900 mezcla american bully con fila y el resto incluye numerosas razas. Reexportar detalles limpios antes de escribir.
pitbull,10240,9450,pitbull,5400,reference/local/commercial; validate mixed meanings,Mascota,https://mascota.com.py/mascotas/perros/razas/pitbull/,existing local route; deployment unverified,"Perro: /elegir-perro, adoption suitability and actual notices only; no breed inventory promise",P2 coordination,Distinguir el uso genérico de pitbull y las razas específicas; no promover peleas ni asumir normas locales sin fuentes.
veterinari,10030,9790,veterinari,8100,reference/local/commercial; validate mixed meanings,Mascota,https://mascota.com.py/cuidados/elegir-veterinaria/,existing local route; deployment unverified,Perro: /primeros-dias-perro-adoptado consult/history checklist; no duplicate clinic directory,P1 Mascota launch then commercial pilot,"«veterinari» se conserva como clave del export, pero se escribe «veterinaria» en español. El contenido es una guía de elección; no prometer un buscador ni listados gratuitos."
bulldog frances,9710,9180,bulldog frances,6600,reference/local/commercial; validate mixed meanings,Mascota,https://mascota.com.py/mascotas/perros/razas/bulldog-frances/,existing local route; deployment unverified,"Perro: /elegir-perro, adoption suitability and actual notices only; no breed inventory promise",P2 coordination,
pomerania,9320,9030,pomerania,6600,reference/local/commercial; validate mixed meanings,Mascota,https://mascota.com.py/mascotas/perros/razas/pomerania/,existing local route; deployment unverified,"Perro: /elegir-perro, adoption suitability and actual notices only; no breed inventory promise",P2 coordination,No presentar etiquetas de venta toy/mini como garantía de talla ni inventar precios locales.
perro vomito,8370,780,perro vomito,70,reference/local/commercial; validate mixed meanings,Mascota,https://mascota.com.py/cuidados/vomitos-en-perros/,existing local route; deployment unverified,Perro: /primeros-dias-perro-adoptado record history and consultation; symptoms remain Mascota reference,P2 coordination,Releer detalles y fuentes veterinarias antes de escribir. No convertir búsquedas de remedios o inducción del vómito en instrucciones. 8.370 es el grupo completo; los 50 registros exportados suman 780.
pastor alem,8350,7660,pastor alem,6600,reference/local/commercial; validate mixed meanings,Mascota,https://mascota.com.py/mascotas/perros/razas/pastor-aleman/,existing local route; deployment unverified,"Perro: /elegir-perro, adoption suitability and actual notices only; no breed inventory promise",P2 coordination,"Tres grupos del export se asignan a una sola página: pastor alemán, pastor alem y ovejero aleman. No sumar sus volúmenes como demanda independiente."
ovejero aleman,8070,8070,ovejero aleman,6600,reference/local/commercial; validate mixed meanings,Mascota,https://mascota.com.py/mascotas/perros/razas/pastor-aleman/,existing local route; deployment unverified,"Perro: /elegir-perro, adoption suitability and actual notices only; no breed inventory promise",P2 coordination,"Tres grupos del export se asignan a una sola página: pastor alemán, pastor alem y ovejero aleman. No sumar sus volúmenes como demanda independiente."
doberman perro,7990,6290,doberman perro,880,reference/local/commercial; validate mixed meanings,Mascota,https://mascota.com.py/mascotas/perros/razas/doberman/,existing local route; deployment unverified,"Perro: /elegir-perro, adoption suitability and actual notices only; no breed inventory promise",P2 coordination,"La fila principal mezcla dóberman, weimaraner y rottweiler. Conservar solamente variantes de dóberman; faltan detalles relevantes en este grupo."
razas de perros pequeños,7980,6510,razas de perros pequeños,2400,reference/local/commercial; validate mixed meanings,Mascota,https://mascota.com.py/mascotas/perros/razas/#razas-pequenas,existing local route; deployment unverified,"Perro: /elegir-perro, adoption suitability and actual notices only; no breed inventory promise",P2 coordination,"«razas de perros pequeños» es una sección específica de este hub, con ancla estable #razas-pequenas; no crear un segundo catálogo casi idéntico."
perros salchichas,7650,7530,perros salchichas,4400,reference/local/commercial; validate mixed meanings,Mascota,https://mascota.com.py/mascotas/perros/razas/perro-salchicha/,existing local route; deployment unverified,"Perro: /elegir-perro, adoption suitability and actual notices only; no breed inventory promise",P2 coordination,"Excluir pinscher, pequinés, pecheras y peceras. La mayor parte del grupo no describe perros salchicha; recuperar ideas relacionadas limpias."
perros pug,7410,5660,perros pug,1300,reference/local/commercial; validate mixed meanings,Mascota,https://mascota.com.py/mascotas/perros/razas/pug/,existing local route; deployment unverified,"Perro: /elegir-perro, adoption suitability and actual notices only; no breed inventory promise",P2 coordination,"Grupo mezclado con shar pei, shih tzu y marcas. No trasladar las variantes de esas razas a esta página."
cachorros chow,7150,4330,cachorros chow,1600,reference/local/commercial; validate mixed meanings,Mascota,https://mascota.com.py/mascotas/perros/razas/chow-chow/,existing local route; deployment unverified,"Perro: /elegir-perro, adoption suitability and actual notices only; no breed inventory promise",P2 coordination,Separar estrictamente la raza chow chow de la marca de alimento Dog Chow; no planear la página de marca.
comida para perros,7010,1780,comida para perros,480,reference/local/commercial; validate mixed meanings,Mascota,https://mascota.com.py/productos/comida-para-perros/,existing local route; deployment unverified,Perro: /hogar-temporal food-support agreement and /primeros-dias-perro-adoptado budgeting; no copied nutrition guide,P2 coordination,No crear comparativas ni páginas de marca. La tabla de datos expresa CPC en SEK: no son precios del producto ni dificultad SEO.
argentino dogo,6610,6530,argentino dogo,4400,reference/local/commercial; validate mixed meanings,Mascota,https://mascota.com.py/mascotas/perros/razas/dogo-argentino/,existing local route; deployment unverified,"Perro: /elegir-perro, adoption suitability and actual notices only; no breed inventory promise",P2 coordination,La fila de 4.400 mezcla dogo argentino con dogo alemán: son razas diferentes. Excluir dogo alemán y no sumar una segunda vez la variante dogo argentino.
raza siberiano,6530,6530,raza siberiano,4400,reference/local/commercial; validate mixed meanings,Mascota,https://mascota.com.py/mascotas/perros/razas/husky-siberiano/,existing local route; deployment unverified,"Perro: /elegir-perro, adoption suitability and actual notices only; no breed inventory promise",P2 coordination,"Una página para husky siberiano, cachorros husky y la parte canina de raza siberiano. Usar secciones, sin páginas separadas de variantes; excluir gato siberiano."
alergia en perros,6230,1040,alergia en perros,110,reference/local/commercial; validate mixed meanings,Mascota,https://mascota.com.py/cuidados/alergia-en-perros/,existing local route; deployment unverified,Perro: /primeros-dias-perro-adoptado record history and consultation; symptoms remain Mascota reference,P2 coordination,Excluir alergia de personas a gatos. No prescribir medicamentos o dosis. Releer fuentes veterinarias antes de desarrollar respuestas.
caniche,6110,4810,caniche,3600,reference/local/commercial; validate mixed meanings,Mascota,https://mascota.com.py/mascotas/perros/razas/caniche/,existing local route; deployment unverified,"Perro: /elegir-perro, adoption suitability and actual notices only; no breed inventory promise",P2 coordination,"El grupo adicional caniche toy (5.350, fuera de los 40) podrá incorporarse a la sección de tamaños después de revisar sus detalles; sin página duplicada."
chihuahua,6070,5540,chihuahua,2900,reference/local/commercial; validate mixed meanings,Mascota,https://mascota.com.py/mascotas/perros/razas/chihuahua/,existing local route; deployment unverified,"Perro: /elegir-perro, adoption suitability and actual notices only; no breed inventory promise",P2 coordination,Excluir cimarrón uruguayo aunque la herramienta lo presente en la misma fila que chihuahua bebe.
pipetas para perros,5940,3890,pipetas para perros,590,reference/local/commercial; validate mixed meanings,Mascota,https://mascota.com.py/productos/pipetas-para-perros/,existing local route; deployment unverified,"Perro: /elegir-perro, adoption suitability and actual notices only; no breed inventory promise",P2 coordination,"Solo dos frases relevantes en este grupo. Excluir ropa, champú, vitaminas y otras medicinas; reexportar antiparasitarios por especie. No páginas de marcas ni recomendaciones de dosis."
husky siberiano,5660,5400,husky siberiano,4400,reference/local/commercial; validate mixed meanings,Mascota,https://mascota.com.py/mascotas/perros/razas/husky-siberiano/,existing local route; deployment unverified,"Perro: /elegir-perro, adoption suitability and actual notices only; no breed inventory promise",P2 coordination,"Una página para husky siberiano, cachorros husky y la parte canina de raza siberiano. Usar secciones, sin páginas separadas de variantes; excluir gato siberiano."
tos en perros,5490,1010,tos en perros,110,reference/local/commercial; validate mixed meanings,Mascota,https://mascota.com.py/cuidados/tos-en-perros/,existing local route; deployment unverified,Perro: /primeros-dias-perro-adoptado record history and consultation; symptoms remain Mascota reference,P2 coordination,"Extra prioritario fuera de los 40. Tratar tos de las perreras como sección, no como sinónimo de cualquier tos. No prometer remedios caseros; fuentes veterinarias antes de redactar."
adopción de perros en Paraguay,,,,,no adoption-specific supplied volume,Perro,https://perro.com.py/perros,implemented in branch,Mascota /mascotas/perros/ care/species reference,P1 implemented,Purpose-driven original page/section. Obtain Paraguay adoption-specific KWP export before claiming demand.
requisitos para adoptar perro,,,,,no adoption-specific supplied volume,Perro,https://perro.com.py/requisitos-para-adoptar,implemented in branch,Mascota /cuidados/primer-perro/ preparation and care,P1 implemented,Purpose-driven original page/section. Obtain Paraguay adoption-specific KWP export before claiming demand.
cachorros en adopción,,,,,no adoption-specific supplied volume,Perro,https://perro.com.py/cachorros-en-adopcion,implemented in branch,"Mascota breed/puppy care sections, not adoption inventory",P1 implemented,Purpose-driven original page/section. Obtain Paraguay adoption-specific KWP export before claiming demand.
perros mestizos y adultos en adopción,,,,,no adoption-specific supplied volume,Perro,https://perro.com.py/elegir-perro,implemented in branch,Mascota general dog care; not another adoption chooser,P1 implemented,Purpose-driven original page/section. Obtain Paraguay adoption-specific KWP export before claiming demand.
hogar temporal para perros,,,,,no adoption-specific supplied volume,Perro,https://perro.com.py/hogar-temporal,implemented in branch,Mascota food/budget guide complements expense agreement,P1 implemented,Purpose-driven original page/section. Obtain Paraguay adoption-specific KWP export before claiming demand.
dar perro en adopción,,,,,no adoption-specific supplied volume,Perro,https://perro.com.py/dar-perro-en-adopcion + /reubicacion-responsable,implemented in branch,Mascota general care only; link to free actual publishing flow,P1 implemented,Purpose-driven original page/section. Obtain Paraguay adoption-specific KWP export before claiming demand.
primeros días perro adoptado,,,,,no adoption-specific supplied volume,Perro,https://perro.com.py/primeros-dias-perro-adoptado,implemented in branch,Mascota detailed care/food/symptom references,P1 implemented,Purpose-driven original page/section. Obtain Paraguay adoption-specific KWP export before claiming demand.
perro perdido / encontré perro,,,,,no adoption-specific supplied volume,Perro,https://perro.com.py/perros-perdidos-paraguay#perdi-un-perro + #encontre-un-perro,implemented in branch,Mascota identification/prevention care only,P1 implemented,Purpose-driven original page/section. Obtain Paraguay adoption-specific KWP export before claiming demand.
adopción segura,,,,,no adoption-specific supplied volume,Perro,https://perro.com.py/seguridad,implemented in branch,Mascota legal reference; no copied safety workflow,P1 implemented,Purpose-driven original page/section. Obtain Paraguay adoption-specific KWP export before claiming demand.
