route,title,h1,description,canonical
/,Perros en adopción en Paraguay | Perro,Perros en adopción en Paraguay,Encontrá perros para adoptar o publicá responsablemente un perro que necesita hogar en Paraguay.,https://perro.com.py/
/perros,Perros para adoptar en Paraguay | Perro,Perros para adoptar,"Encontrá perros en adopción gratuita en Paraguay por ciudad, edad, sexo y tamaño.",https://perro.com.py/perros
/cachorros-en-adopcion,Cachorros en adopción en Paraguay | Perro,Cachorros en adopción,Buscá cachorros en adopción gratuita y conocé los cuidados que necesitan en Paraguay.,https://perro.com.py/cachorros-en-adopcion
/perros-de-raza-en-adopcion,Perros de raza en adopción en Paraguay | Perro,Perros de raza en adopción,Buscá perros con raza declarada en adopción gratuita. La raza puede ser aproximada.,https://perro.com.py/perros-de-raza-en-adopcion
/perros-perdidos-paraguay,Perros perdidos y encontrados en Paraguay | Perro,Perros perdidos y encontrados,Buscá avisos de perros perdidos y encontrados por ciudad y departamento en Paraguay.,https://perro.com.py/perros-perdidos-paraguay
/dar-perro-en-adopcion,Dar un perro en adopción en Paraguay | Perro,Dar un perro en adopción o publicar un aviso,Enviá gratis una ficha para revisión y ayudá a encontrar un hogar responsable.,https://perro.com.py/dar-perro-en-adopcion
/como-funciona,Cómo funciona Perro | Perro,Cómo publicar y actualizar un aviso en Perro,"Publicá sin cuenta, cuidá tus datos y compartí una ficha revisada para ayudar a un perro en Paraguay.",https://perro.com.py/como-funciona
/privacidad,Privacidad | Perro,Privacidad,Tu nombre y tu contacto son privados por defecto.,https://perro.com.py/privacidad
/terminos,Términos de uso | Perro,Términos de uso,Reglas para publicar avisos gratuitos y conectar con responsabilidad.,https://perro.com.py/terminos
/guias-adopcion,Guías de adopción de perros en Paraguay | Perro,Guías de adopción de perros en Paraguay,"Prepará una adopción gratuita y responsable: requisitos, elección del perro, hogar temporal, entrega y seguimiento en Paraguay.",https://perro.com.py/guias-adopcion
/requisitos-para-adoptar,Requisitos para adoptar un perro en Paraguay | Perro,Requisitos para adoptar un perro en Paraguay,"Qué preguntar y preparar para adoptar un perro: hogar, rutina, presupuesto, salud y acuerdo de entrega. Adopción gratuita en Perro Paraguay.",https://perro.com.py/requisitos-para-adoptar
/elegir-perro,Cómo elegir un perro para adoptar en Paraguay | Perro,Cómo elegir un perro para adoptar en Paraguay,"Compará cachorros, adultos y perros mestizos según tu tiempo, convivencia y presupuesto. Preguntas prácticas antes de adoptar en Paraguay.",https://perro.com.py/elegir-perro
/hogar-temporal,Hogar temporal para perros en Paraguay: cómo organizarlo | Perro,Hogar temporal para perros en Paraguay: cómo organizarlo,"Acordá duración, alimento, atención, gastos y seguimiento antes de ofrecer un hogar temporal a un perro en Paraguay.",https://perro.com.py/hogar-temporal
/reubicacion-responsable,Dar un perro en adopción responsablemente en Paraguay | Perro,Dar un perro en adopción responsablemente en Paraguay,"Cómo preparar un aviso honesto, conversar con interesados y organizar una entrega segura sin ventas ni pagos obligatorios en Paraguay.",https://perro.com.py/reubicacion-responsable
/primeros-dias-perro-adoptado,Primeros días con un perro adoptado: plan y seguimiento | Perro,Primeros días con un perro adoptado: plan y seguimiento,"Prepará la llegada de un perro adoptado, su información de cuidado, presupuesto y seguimiento. Lista práctica para hogares en Paraguay.",https://perro.com.py/primeros-dias-perro-adoptado
/seguridad,Adopción segura de perros en Paraguay | Perro,Adopción segura de perros en Paraguay,"Lista para verificar un aviso, conocer al perro y acordar una entrega segura: sin señas, ventas ni donaciones obligatorias en Perro Paraguay.",https://perro.com.py/seguridad
/apoyar,Cómo apoyar Perro y mantener gratuita la adopción | Perro,Cómo apoyar Perro y mantener gratuita la adopción,Apoyá avisos reales y actualizados. Conocé las reglas de futuros aportes voluntarios y patrocinios; la adopción y la publicación siguen gratuitas.,https://perro.com.py/apoyar
